PCF ID,Hierarchy ID,Name,Difference Index,Change details,Metrics available?
,10,Asset Management,,,
,10.4,Assets Disposal,,,
,10.4.4,Abandonment,,,
,10.4.2,Decommissioning,,,
,10.4.1,Exit Strategy Development,,,
,10.4.3,Sale or Trade,,,
,10.4.5,Waste and Hazards Management,,,
,10.1,Assets Planning and Acquisition,,,
,10.1.4,Facilities Operations Management,,,
,10.1.4.2,Relocate material and tools,,,
,10.1.4.1,Relocate people,,,
,10.1.2,Facility Planning,,,
,10.1.2.2,Analyze budget,,,
,10.1.2.1,Design facility,,,
,10.1.2.5,Manage construction or modification to building,,,
,10.1.2.4,Negotiate terms for facility,,,
,10.1.2.3,Select property,,,
,10.1.1,Property Strategy,,,
,10.1.1.2,Appraise the external environment,,,
,10.1.1.1,Confirm alignment of property requirements with business strategy,,,
,10.1.1.3,Determine build or buy decision,,,
,10.1.3,Workspace and Facilities Provisioning,,,
,10.1.3.1,Acquire workspace and facilities,,,
,10.1.3.2,Change fit/form/function of workspace and facilities,,,
,10.2,Productive Assets Design and Construction,,,
,10.2.2,Asset Construction Design and Planning,,,
,10.2.2.4,Design assets,,,
,10.2.2.1,Develop construction strategy,,,
,10.2.2.3,Obtain construction permissions,,,
,10.2.2.2,Perform construction performance management,,,
,10.2.2.5,Plan construction resources,,,
,10.2.4,Asset Construction Management,,,
,10.2.4.3,Create work and asset records,,,
,10.2.4.4,"Manage safety, security, and access to sites",,,
,10.2.4.1,Monitor work performance,,,
,10.2.4.2,Undertake construction quality control,,,
,10.2.1,Capital Program Management,,,
,10.2.1.1,Define capital investment plan,,,
,10.2.1.2,Monitor capital program,,,
,10.2.1.3,Secure construction financing,,,
,10.2.3,Construction Scheduling and Execution,,,
,10.2.3.4,Augment existing assets,,,
,10.2.3.3,Construct new assets,,,
,10.2.3.2,Obtain resources,,,
,10.2.3.5,Renew/Replace assets,,,
,10.2.3.1,Schedule construction work,,,
,10.3,Productive Assets Maintenance,,,
,10.3.3,Asset Maintenance Performance,,,
,10.3.3.4,Identify unplanned maintenance requirements,,,
,10.3.3.3,Perform corrective asset maintenance and repairs,,,
,10.3.3.1,Perform preventative asset maintenance,,,
,10.3.3.2,Perform routine asset maintenance,,,
,10.3.3.5,Perform unplanned maintenance and repairs,,,
,10.3.2,Asset Maintenance Planning,,,
,10.3.2.6,Define maintenance performance targets,,,
,10.3.2.5,Manage maintenance work safety,,,
,10.3.2.7,Monitor maintenance performance against targets/contracts,,,
,10.3.2.2,Obtain required resources,,,
,10.3.2.1,Schedule maintenance work,,,
,10.3.2.3,Undertake quality control,,,
,10.3.2.4,Update work and asset records,,,
,10.3.1,Asset Maintenance Planning,,,
,10.3.1.2,Analyze assets and predict maintenance requirements,,,
,10.3.1.6,Conduct resource planning,,,
,10.3.1.7,Create work plans,,,
,10.3.1.1,Develop maintenance strategies,,,
,10.3.1.5,Identify work management tasks & priorities,,,
,10.3.1.4,Integrate preventive maintenance into operations schedule,,,
,10.3.1.3,Specify maintenance policies,,,
,13,Business Capabilities Management,,,
,13.6,Benchmark Measurement,,,
,13.6.2,Benchmark performance,,,
,13.6.2.4,Conduct gap analysis,,,
,13.6.2.3,Conduct internal process and external competitive benchmarking,,,
,13.6.2.1,Conduct performance assessments,,,
,13.6.2.2,Develop benchmarking capabilities,,,
,13.6.2.5,Establish need for change,,,
,13.6.1,Organizational performance strategy creation and management,,,
,13.6.1.1,Create enterprise measurement systems model,,,
,13.6.1.3,Measure cost effectiveness,,,
,13.6.1.5,Measure cycle time,,,
,13.6.1.2,Measure process efficiency,,,
,13.6.1.4,Measure staff productivity,,,
,13.6.3,Process performance evaluation,,,
,13.6.3.6,Analyze performance against benchmark data,,,
,13.6.3.4,Calculate performance measures,,,
,13.6.3.3,Collect data,,,
,13.6.3.8,Develop performance improvement plan,,,
,13.6.3.1,Establish appropriate performance indicators (metrics),,,
,13.6.3.2,Establish monitoring frequency,,,
,13.6.3.5,Identify performance trends,,,
,13.6.3.7,Prepare reports,,,
,13.1,Business Process Management,,,
,13.1.1,Governance Process,,,
,13.1.1.3,Assign and support process ownership,,,
,13.1.1.1,Define and manage governance approach,,,
,13.1.1.2,Establish and maintain process tools and templates,,,
,13.1.1.4,Perform process governance activities,,,
,13.1.3,Process Definitions,,,
,13.1.3.2,Analyze processes,,,
,13.1.3.2.1,Identify published best practices,,,
,13.1.3.3,Model and document processes,,,
,13.1.3.4,Publish processes,,,
,13.1.3.1,Scope processes,,,
,13.1.2,Process Framework Dev,,,
,13.1.2.1,Establish and maintain process framework,,,
,13.1.2.2,Identify cross-functional processes,,,
,13.1.5,Process Improvement,,,
,13.1.5.1,Identify and select improvement opportunities,,,
,13.1.5.2,Manage improvement projects,,,
,13.1.5.3,Perform continuous improvement activities,,,
,13.1.4,Process Performance Management,,,
,13.1.4.3,Measure and report process performance,,,
,13.1.4.3.1,Identify additional metrics as required,,,
,13.1.4.1,Provide process training,,,
,13.1.4.2,Support process execution,,,
,13.1,Business processes management,,,
,13.4,Change Management,,,
,13.4.2,Design,,,
,13.4.2.1,Assess connection to other initiatives,,,
,13.4.2.5,Assign change champion(s),,,
,13.4.2.2,Develop change management plans,,,
,13.4.2.4,Develop communication plan,,,
,13.4.2.6,Develop rewards/incentives plan,,,
,13.4.2.3,Develop training plan,,,
,13.4.2.7,Establish change adoption metrics,,,
,13.4.2.8,Establish/Clarify new roles,,,
,13.4.2.9,Identify budget/roles,,,
,13.4.3,Implement Change,,,
,13.4.3.1,Create commitment for improvement/change,,,
,13.4.3.4,Monitor change,,,
,13.4.3.2,Reengineer business processes and systems,,,
,13.4.3.5,Report on change,,,
,13.4.3.3,Support transition to new roles or exit strategies for incumbents,,,
,13.4.1,Planning,,,
,13.4.1.10,Assess cultural issues,,,
,13.4.1.3,Assess readiness for change,,,
,13.4.1.9,Conduct organizational risk analysis,,,
,13.4.1.8,Define future state,,,
,13.4.1.6,Define scope,,,
,13.4.1.15,Determine change enablers,,,
,13.4.1.12,Determine degree/extent of impact,,,
,13.4.1.2,Determine stakeholders,,,
,13.4.1.13,Establish accountability for change management,,,
,13.4.1.5,Form design team,,,
,13.4.1.14,Identify barriers to change,,,
,13.4.1.4,Identify change champion(s),,,
,13.4.1.11,Identify impacted groups,,,
,13.4.1.16,Identify resources and develop measures,,,
,13.4.1.1,Select process improvement methodology,,,
,13.4.1.7,Understand current state,,,
,13.4.4,Sustain Improvement,,,
,13.4.4.2,Capture and reuse lessons learned from change process,,,
,13.4.4.1,Monitor improved process performance,,,
,13.4.4.3,Take corrective action as necessary,,,
,13.8,Health and Safety Management,,,
,13.8.3,Analyze data,,,
,13.8.2,Collect data,,,
,13.8.1,Develop and manage hypotheses,,,
,13.8.5,Identify remedial actions,,,
,13.8.4,Report on data,,,
,13.7,Health and Safety Management,,,
,13.7.1,Determine environmental health and safety impacts,,,
,13.7.1.2,Conduct health and safety and environmental audits,,,
,13.7.1.1,"Evaluate environmental impact of products, services, and operations",,,
,13.7.2,Functional EHS program development and execution,,,
,13.7.2.2,Assess future risks and opportunities,,,
,13.7.2.3,Create EHS policy,,,
,13.7.2.1,Identify regulatory and stakeholder requirements,,,
,13.7.2.4,Record and manage EHS events,,,
,13.7.4,Monitor and manage functional EHS management program,,,
,13.7.4.3,Implement emergency response program,,,
,13.7.4.4,Implement pollution prevention program,,,
,13.7.4.1,Manage EHS costs and benefits,,,
,13.7.4.2,Measure and report EHS performance,,,
,13.7.4.5,Provide employees with EHS support,,,
,13.7.3,Train and educate functional employees,,,
,13.7.3.1,Communicate EHS issues to stakeholders and provide support,,,
,13.5,Knowledge Management,,,
,13.5.2,Capabilities Assessment,,,
,13.5.2.1,Assess maturity of existing KM initiatives,,,
,13.5.2.2,Evaluate existing KM approaches,,,
,13.5.2.3,Identify gaps and needs,,,
,13.5.3,Design and Implement,,,
,13.5.3.2,Design resource model for KM approaches,,,
,13.5.3.5,Develop measures,,,
,13.5.3.1,Develop new KM approaches,,,
,13.5.3.3,Implement new KM approaches,,,
,13.5.3.4,Leverage and enhance IT for KM approaches,,,
,13.5.4,Enhance,,,
,13.5.4.1,Enhance/Modify existing KM approaches,,,
,13.5.4.3,Expand KM infrastructure to meet demand,,,
,13.5.4.2,Sustain awareness and engagement,,,
,13.5.1,Strategy Development,,,
,13.5.1.6,Assess IT needs and engage IT function,,,
,13.5.1.2,Define roles and accountability of core group versus operating units,,,
,13.5.1.8,Develop change management approaches,,,
,13.5.1.5,Develop core KM methodologies,,,
,13.5.1.3,Develop funding models,,,
,13.5.1.1,Develop governance model with roles and accountability,,,
,13.5.1.9,Develop strategic measures and indicators,,,
,13.5.1.7,Develop training and communication plans,,,
,13.5.1.4,Identify links to key initiatives,,,
,13.2,Program Management,,,
,13.2.1,Portfolio Management,,,
,13.2.1.2,Define portfolio governance,,,
,13.2.1.1,Establish portfolio strategy,,,
,13.2.1.3,Monitor and control portfolio,,,
,13.2.2,Program Management,,,
,13.2.2.1,Establish program structure and approach,,,
,13.2.2.3,Manage program execution,,,
,13.2.2.2,Manage program stakeholders and partners,,,
,13.2.2.4,Review and report program performance,,,
,13.2.3,Project Management,,,
,13.2.3.6,Close projects,,,
,13.2.3.3,Develop project plans,,,
,13.2.3.3.2,Acquire/secure project resources,,,
,13.2.3.3.4,Create training and communication plans,,,
,13.2.3.3.1,Define roles and resources,,,
,13.2.3.3.7,Deploy the project,,,
,13.2.3.3.6,Design and plan launch of project,,,
,13.2.3.3.5,Design recognition and reward approaches,,,
,13.2.3.3.3,Identify specific IT requirements,,,
,13.2.3.1,Establish project scope,,,
,13.2.3.1.3,Assess culture and readiness for project management approach,,,
,13.2.3.1.4,Create business case and obtain funding,,,
,13.2.3.1.5,Develop project measures and indicators,,,
,13.2.3.1.1,Identify project requirements and objectives,,,
,13.2.3.1.2,Identify project resource requirements,,,
,13.2.3.4,Execute projects,,,
,13.2.3.4.1,Evaluate impact of project management (strategy and projects) on measures and outcomes,,,
,13.2.3.4.3,Manage project scope,,,
,13.2.3.4.4,Promote and sustain activity and involvement,,,
,13.2.3.4.5,Realign and refresh project management strategy and approaches,,,
,13.2.3.4.2,Report the status of project,,,
,13.2.3.2,Identify appropriate project management methodologies,,,
,13.2.3.5,Review and report project performance,,,
,13.3,Quality Management,,,
,13.3.3,Non Conformance Management,,,
,13.3.3.1,Assess potential impact,,,
,13.3.3.5,Close non-conformance,,,
,13.3.3.2,Determine immediate action(s),,,
,13.3.3.3,Identify root cause(s),,,
,13.3.3.4,Take corrective or preventative action,,,
,13.3.2,Performance Evaluation,,,
,13.3.2.2,Assess results of tests,,,
,13.3.2.2.1,Assess sample significance,,,
,13.3.2.2.4,Decide next steps,,,
,13.3.2.2.3,Recommend actions,,,
,13.3.2.2.2,Summarize result(s),,,
,13.3.2.1,Test against quality plan,,,
,13.3.2.1.1,Conduct test and collect data,,,
,13.3.2.1.3,Determine disposition of result(s),,,
,13.3.2.1.2,Record result(s),,,
,13.3.4,Quality Management System,,,
,13.3.4.5,Assess the EQMS performance,,,
,13.3.4.6,Create environment and capability for EQMS improvement(s),,,
,13.3.4.6.5,Assure independent EQMS management access to appropriate authority in the organization,,,
,13.3.4.6.2,Create and maintain quality partnerships,,,
,13.3.4.6.4,Incorporate EQMS messaging into communication channels,,,
,13.3.4.6.3,Maintain talent capabilities and competencies,,,
,13.3.4.6.1,Reward quality excellence,,,
,13.3.4.6.6,Transfer proven EQMS methods,,,
,13.3.4.1,Define the quality strategy,,,
,13.3.4.4,"Develop and document EQMS policies, procedures, standards, and measures",,,
,13.3.4.3,"Identify core EQMS processes, controls, and metrics",,,
,13.3.4.2,"Plan and deploy the EQMS scope, targets, and goals",,,
,13.3.1,Quality Requirements,,,
,13.3.1.1,Define critical-to-quality characteristics,,,
,13.3.1.2,Define preventive quality activities,,,
,13.3.1.3,Develop quality controls,,,
,13.3.1.3.1,Define process steps for controls (or integration points),,,
,13.3.1.3.4,Define required competencies,,,
,13.3.1.3.2,Define sampling plan,,,
,13.3.1.3.3,Identify measurement methods,,,
,13.3.1.5,Finalize quality plan,,,
,13.3.1.4,Prove capability to assess compliance with requirements,,,
,6,Customer Service,,,
,6.3,Post Sales Service,,,
,6.3.2,Process warranty claims,,,
,6.3.2.6,Approve or reject warranty claim,,,
,6.3.2.8,Authorize payment,,,
,6.3.2.9,Close claim,,,
,6.3.2.4,Determine responsible party,,,
,6.3.2.3,Investigate warranty issues,,,
,6.3.2.3.1,Define issue,,,
,6.3.2.3.4,Investigate issue/perform root cause analysis,,,
,6.3.2.3.5,Receive investigation result/recommendation for corrective action,,,
,6.3.2.3.3,Request and receive defective part,,,
,6.3.2.3.2,Schedule field service,,,
,6.3.2.5,Manage pre-authorizations,,,
,6.3.2.7,Notify originator of approve/reject decision,,,
,6.3.2.1,Receive warranty claim,,,
,6.3.2.10,Reconcile warranty transaction disposition,,,
,6.3.2.2,Validate warranty claim,,,
,6.3.1,Register products,,,
,6.3.4,Service products,,,
,6.3.4.1,Confirm specific service requirements for individual customer,,,
,6.3.4.1.2,Create customer profile,,,
,6.3.4.1.3,Generate service order,,,
,6.3.4.1.1,Process customer request,,,
,6.3.4.4,Ensure quality of service,,,
,6.3.4.4.1,Identify completed service orders for feedback,,,
,6.3.4.4.2,Identify incomplete service orders and service failures,,,
,6.3.4.4.4,Process customer feedback on services delivered,,,
,6.3.4.4.3,Solicit customer feedback on services delivered,,,
,6.3.4.2,Identify and schedule resources to meet service requirements,,,
,6.3.4.2.1,Create resourcing plan and schedule,,,
,6.3.4.2.2,Create service order fulfillment schedule,,,
,6.3.4.3,Provide service to specific customers,,,
,6.3.4.3.2,Execute product repair,,,
,6.3.4.3.3,Manage service order fulfillment,,,
,6.3.4.3.1,Organize daily service order fulfillment schedule,,,
,6.3.3,Supplier recovery management,,,
,6.3.3.1,Create supplier recovery claims,,,
,6.3.3.2,Negotiate recoveries with suppliers,,,
,6.4,Recalls ad Regulatory Audits,,,
,6.4.5,Audit Recall Effectiveness,,,
,6.4.2,Hazard Assessment,,,
,6.4.1,Initiate recall,,,
,6.4.3,Recall Communications,,,
,6.4.6,Recall Termination,,,
,6.4.4,Regulatory Reports,,,
,6.5,Service Ops and Customer Sat,,,
,6.5.5,Warranty Management,,,
,6.5,Service Ops and Customer Satisfaction Eval,,,
,6.5.2,Complaint Management,,,
,6.5.2.2,Analyze customer complaint data and identify improvement opportunities,,,
,6.5.2.3,Identify common customer complaints,,,
,6.5.2.1,Solicit customer feedback on complaint handling and resolution,,,
,6.5.1,Complaint Management,,,
,6.5.1.2,Analyze customer service data and identify improvement opportunities,,,
,6.5.1.3,Provide customer feedback to product management on customer service experience,,,
,6.5.1.1,Solicit customer feedback on customer service experience,,,
,6.5.3,Product and Service Customer Sat,,,
,6.5.3.4,Analyze product and service satisfaction data and identify improvement opportunities,,,
,6.5.3.1,Gather and solicit post-sale customer feedback on products and services,,,
,6.5.3.5,"Provide feedback and insights to appropriate teams (product design/development, marketing, manufacturing)",,,
,6.5.3.3,Solicit customer feedback on cross-channel experience,,,
,6.5.3.2,Solicit post-sale customer feedback on ad effectiveness,,,
,6.5.4,Warranty Management,,,
,6.5.4.3,Identify improvement opportunities,,,
,6.5.4.4,Identify opportunities to eliminate warranty waste,,,
,6.5.4.5,Investigate fraudulent claims,,,
,6.5.4.1,Measure customer satisfaction with warranty handling and resolution,,,
,6.5.4.2,Monitor and report on warranty management metrics,,,
,6.2,Service Planning and Management,,,
,6.2.2,"Customer service problems, requests, and inquiries management",,,
,6.2.2.2,"Analyze problems, requests, and inquiries",,,
,6.2.2.6,Deliver opportunity to sales team,,,
,6.2.2.5,Identify and capture upsell/cross-sell opportunities,,,
,6.2.2.1,"Receive customer problems, requests, and inquiries",,,
,6.2.2.3,"Resolve customer problems, requests, and inquiries",,,
,6.2.2.4,"Respond to customer problems, requests, and inquiries",,,
,6.2.1,Customer service work force planning and management,,,
,6.2.1.1,Forecast volume of customer service contacts,,,
,6.2.1.4,Monitor and evaluate quality of customer interactions with customer service representatives,,,
,6.2.1.2,Schedule customer service work force,,,
,6.2.1.3,Track work force utilization,,,
,6.2.3,Manage customer complaints,,,
,6.2.3.5,Analyze customer complaints and response/redressal,,,
,6.2.3.1,Receive customer complaints,,,
,6.2.3.3,Resolve customer complaints,,,
,6.2.3.4,Respond to customer complaints,,,
,6.2.3.2,Route customer complaints,,,
,6.2.4,Process returns,,,
,6.2.4.1,Authorize return,,,
,6.2.4.2,Process return and record reason,,,
,6.2.5,Report incidents and risks to regulatory bodies,,,
,6.1,Service Strategy,,,
,6.1.3,Define and manage customer service channel strategy,,,
,6.1.2,Define customer service experience,,,
,6.1.4,Define customer service policies and procedures,,,
,6.1.1,Define customer service requirements across the enterprise,,,
,6.1.6,Define warranty offering,,,
,6.1.6.3,Agree on warranty responsibilities with suppliers,,,
,6.1.6.5,Communicate warranty policies and offerings,,,
,6.1.6.2,Create and manage warranty rules/claim codes for products,,,
,6.1.6.4,Define warranty related offerings for customers,,,
,6.1.6.1,Determine and document warranty policies,,,
,6.1.5,Establish target service level for each customer segment,,,
,6.1.7,Recall strategy development,,,
,12,External Relationship Management,,,
,12.3,Board Relationships,,,
,12.3.1,Board Planning and Management,,,
,12.3.2,Financial Result and Audit Findings,,,
,12.2,Industry and Government Relationships,,,
,12.2.4,Lobby Management,,,
,12.2.3,Trade Group Relationship Planning and Management,,,
,12.1,Investor Relationships,,,
,12.1.3,Communications,,,
,12.1.1,Relationship Planning and Management,,,
,12.4,Legal Issue Resolution,,,
,12.4.4,Compliance Monitoring,,,
,12.4.9,Contracts Management,,,
,12.4.2,Corporate Governance,,,
,12.4.1,Ethics,,,
,12.4.6,Intellectual Property Protection,,,
,12.4.7,Litigation,,,
,12.4.5,Outside Counsel Management,,,
,12.4.8,Planning,,,
,12.4.3,Preventive Law Programs,,,
,12.5,PR Program Management,,,
,12.5.4,Create press releases,,,
,12.5.5,Issue press releases,,,
,12.5.1,Manage community relations,,,
,12.5.2,Manage media relations,,,
,12.5.3,Promote political stability,,,
,9,Finance and Accounting,,,
,9.6,AP and Expense Reimbursements,,,
,9.6.1,Accounts Payable,,,
,9.6.1.11,Adjust accounting records,,,
,9.6.1.4,Approve payments,,,
,9.6.1.3,Audit invoices and key data in AP system,,,
,9.6.1.2,Maintain/Manage electronic commerce,,,
,9.6.1.5,Process financial accruals and reversals,,,
,9.6.1.6,Process payables taxes,,,
,9.6.1.8,Process payments,,,
,9.6.1.7,Research/Resolve payable exceptions,,,
,9.6.1.9,Respond to AP inquiries,,,
,9.6.1.10,Retain records,,,
,9.6.1.1,Verify AP pay file with purchase order vendor master file,,,
,9.6.3,Corporate Credit Cards Management,,,
,9.6.3.5,Approve/Change credit limits,,,
,9.6.3.6,Cancel/Deactivate credit card,,,
,9.6.3.1,Establish corporate credit card policies and approval limits,,,
,9.6.3.4,Manage corporate credit card accounts,,,
,9.6.3.3,Order corporate credit cards,,,
,9.6.3.2,Process corporate credit card requests,,,
,9.6.2,Expense Reimbursements,,,
,9.6.2,Process expense reimbursements,,,
,9.6.2.3,Approve reimbursements and advances,,,
,9.6.2.2,Capture and report relevant tax data,,,
,9.6.2.1,Establish and communicate expense reimbursement policies and approval limits,,,
,9.6.2.5,Manage personnel accounts,,,
,9.6.2.4,Process reimbursements and advances,,,
,9.4,Fixed Asset Project Accounting,,,
,9.4.1,Capital Planning and Project Approval,,,
,9.4.1.4,Conduct financial justification for project approval,,,
,9.4.1.2,Develop and approve capital expenditure plans and budgets,,,
,9.4.1.1,Develop capital investment policies and procedures,,,
,9.4.1.3,Review and approve capital projects and fixed-asset acquisitions,,,
,9.4.2,Capital Project Accounting,,,
,9.4.2.4,Close/capitalize projects,,,
,9.4.2.1,Create project account codes,,,
,9.4.2.5,Measure financial returns on completed capital projects,,,
,9.4.2.3,Monitor and track capital projects and budget spending,,,
,9.4.2.2,Record project-related transactions,,,
,9.3,GA and Reporting,,,
,9.3.4,Financial Reporting,,,
,9.3.4.3,Perform business unit reporting/review management reports,,,
,9.3.4.4,Perform consolidated reporting/review of cost management reports,,,
,9.3.4.8,Perform legal and management consolidation,,,
,9.3.4.1,Prepare business unit financial statements,,,
,9.3.4.2,Prepare consolidated financial statements,,,
,9.3.4.5,Prepare statements for board review,,,
,9.3.4.6,Produce quarterly/annual filings and shareholder reports,,,
,9.3.4.7,Produce regulatory reports,,,
,9.3.3,Fixed Asset Accounting,,,
,9.3.3.6,Calculate and record depreciation expense,,,
,9.3.3.1,Establish fixed-asset policies and procedures,,,
,9.3.3.2,Maintain fixed-asset master data files,,,
,9.3.3.3,Process and record fixed-asset additions and retires,,,
,9.3.3.4,"Process and record fixed-asset adjustments, enhancements, revaluations, and transfers",,,
,9.3.3.5,Process and record fixed-asset maintenance and repair expenses,,,
,9.3.3.9,"Provide fixed-asset data to support tax, statutory, and regulatory reporting",,,
,9.3.3.7,Reconcile fixed-asset ledger,,,
,9.3.3.8,Track fixed-assets including physical inventory,,,
,9.3.2,Policies Management,,,
,9.3.2.1,Maintain chart of accounts,,,
,9.3.2.7,Perform consolidations and process eliminations,,,
,9.3.2.5,Post and reconcile intercompany transactions,,,
,9.3.2.9,Prepare and post management adjustments,,,
,9.3.2.8,Prepare trial balance,,,
,9.3.2.3,Process allocations,,,
,9.3.2.2,Process journal entries,,,
,9.3.2.4,Process period end adjustments,,,
,9.3.2.6,Reconcile general ledger accounts,,,
,9.3.1,Policies Management,,,
,9.3.1.2,Establish accounting policies,,,
,9.3.1.5,Establish common financial systems,,,
,9.3.1.1,Negotiate service-level agreements,,,
,9.3.1.3,Publish accounting policies,,,
,9.3.1.4,Set and enforce approval limits,,,
,9.11,Global Trade Services,,,
,9.11.2,Currency Conversions,,,
,9.11.3,Customs Relationships,,,
,9.11.1,Monitoring,,,
,9.11.5,Policies and Procedures,,,
,9.11.4,Resolution,,,
,9.8,Internal Controls Management,,,
,9.8.3,Compliance Reporting,,,
,9.8.3.1,Report to external auditors,,,
,9.8.3.4,Report to internal management,,,
,9.8.3.2,"Report to regulators, share-/debt-holders, securities exchanges, etc.",,,
,9.8.3.3,Report to third parties,,,
,9.8.2,Monitor Policy and Procedures Adherence,,,
,9.8.2.4,Create compliance function,,,
,9.8.2.1,Design and implement control activities,,,
,9.8.2.6,Implement and maintain controls-related enabling technologies and tools,,,
,9.8.2.2,Monitor control effectiveness,,,
,9.8.2.5,Operate compliance function,,,
,9.8.2.3,Remediate control deficiencies,,,
,9.8.1,Policies and Procedures Development,,,
,9.8.1.3,Assign roles and responsibility for internal controls,,,
,9.8.1.2,Define and communicate code of ethics,,,
,9.8.1.4,Define business process objectives and risks,,,
,9.8.1.5,Define entity/unit risk tolerances,,,
,9.8.1.1,Establish board of directors and audit committee,,,
,9.1,International Funds Management,,,
,9.10.3,Currency Hedging Monitor,,,
,9.10.1,International Rate Monitoring,,,
,9.10.4,Reporting,,,
,9.10.2,Transactions Management,,,
,9.5,Payroll Processing,,,
,9.5.2,Pay Management,,,
,9.5.2.1,Enter employee time worked into payroll system,,,
,9.5.2.3,Maintain and administer applicable deductions,,,
,9.5.2.2,Maintain and administer employee earnings information,,,
,9.5.2.4,Monitor changes in tax status of employees,,,
,9.5.2.6,Process and distribute manual checks,,,
,9.5.2.5,Process and distribute payments,,,
,9.5.2.7,Process period-end adjustments,,,
,9.5.2.8,Respond to employee payroll inquiries,,,
,9.5.3,Payroll Tax Management,,,
,9.5.3.3,Calculate and pay applicable payroll taxes,,,
,9.5.3.1,Develop tax plan,,,
,9.5.3.5,File regulatory payroll tax forms,,,
,9.5.3.2,Manage tax plan,,,
,9.5.3.4,Produce and distribute employee annual tax statements,,,
,9.5.1,Time Reporting,,,
,9.5.1.5,Analyze and report employee utilization,,,
,9.5.1.3,Analyze and report paid and unpaid leave,,,
,9.5.1.2,Collect and record employee time worked,,,
,9.5.1.1,Establish policies and procedures,,,
,9.5.1.4,"Monitor regular, overtime, and other hours",,,
,9.1,Planning and Management Accounting,,,
,9.1.2,Cost Accounting and Controls,,,
,9.1.2.3,Perform cost of sales analysis,,,
,9.1.2.1,Perform inventory accounting,,,
,9.1.2.4,Perform product costing,,,
,9.1.2.2,Perform profit center accounting,,,
,9.1.2.5,Perform variance analysis,,,
,9.1.2.6,Report on profitability,,,
,9.1.3,Cost Management,,,
,9.1.3.3,Determine critical activities,,,
,9.1.3.1,Determine key cost drivers,,,
,9.1.3.4,Manage asset resource deployment and utilization,,,
,9.1.3.2,Measure cost drivers,,,
,9.1.4,Financial Performance Management,,,
,9.1.4.1,Assess customer and product profitability,,,
,9.1.4.2,Evaluate new products,,,
,9.1.4.7,Manage continuous cost improvement,,,
,9.1.4.4,Optimize customer and product mix,,,
,9.1.4.3,Perform life cycle costing,,,
,9.1.4.6,Prepare activity-based performance measures,,,
,9.1.4.5,Track performance of new-customer and product strategies,,,
,9.1.1,Plan Budget Forecast,,,
,9.1.1.1,Develop and maintain budget policies and procedures,,,
,9.1.1.3,Operationalize and implement plans to achieve budget,,,
,9.1.1.5,Perform variance analysis against forecasts and budgets,,,
,9.1.1.2,Prepare periodic budgets and plans,,,
,9.1.1.4,Prepare periodic financial forecasts,,,
,9.2,Revenue Accounting,,,
,9.2.3,Accounts Receivable,,,
,9.2.3.3,Apply cash remittances,,,
,9.2.3.1,Establish AR policies,,,
,9.2.3.5,Post AR activity to the general ledger,,,
,9.2.3.4,Prepare AR reports,,,
,9.2.3.2,Receive/Deposit customer payments,,,
,9.2.5,Adjustments Deductions Management,,,
,9.2.5.2,Analyze adjustments,,,
,9.2.5.3,Correspond/Negotiate with customer,,,
,9.2.5.4,Discuss resolution with internal parties,,,
,9.2.5.1,Establish policies/procedures for adjustments,,,
,9.2.5.5,Prepare chargeback invoices,,,
,9.2.5.6,Process related entries,,,
,9.2.4,Collections Management,,,
,9.2.4.2,Analyze delinquent account balances,,,
,9.2.4.3,Correspond/Negotiate with delinquent accounts,,,
,9.2.4.4,Discuss account resolution with internal parties,,,
,9.2.4.1,Establish policies for delinquent accounts,,,
,9.2.4.7,Manage default accounts,,,
,9.2.4.6,Perform recovery workout,,,
,9.2.4.5,Process adjustments/write off balances,,,
,9.2.1,Customer Credit Process,,,
,9.2.1.3,Analyze credit scoring history,,,
,9.2.1.2,Analyze/Approve new account applications,,,
,9.2.1.1,Establish credit policies,,,
,9.2.1.4,Forecast credit scoring requirement,,,
,9.2.1.6,Produce credit/collection reports,,,
,9.2.1.7,Reinstate or suspend accounts based on credit policies,,,
,9.2.1.5,Review existing accounts,,,
,9.2.2,Invoicing,,,
,9.2.2.2,Generate customer billing data,,,
,9.2.2.1,Maintain customer/product master files,,,
,9.2.2.4,Post receivable entries,,,
,9.2.2.5,Resolve customer billing inquiries,,,
,9.2.2.3,Transmit billing data to customers,,,
,9.9,Tax Management,,,
,9.9.2,Tax Processing,,,
,9.9.2.5,Account for taxes,,,
,9.9.2.7,Address tax inquiries,,,
,9.9.2.4,Calculate deferred taxes,,,
,9.9.2.6,Monitor tax compliance,,,
,9.9.2.1,Perform tax planning/strategy,,,
,9.9.2.3,Prepare foreign taxes,,,
,9.9.2.2,Prepare tax returns,,,
,9.9.1,Tax Strategy and Planning,,,
,9.9.1.2,Consolidate and optimize total tax plan,,,
,9.9.1.1,"Develop foreign, national, state, and local tax strategy",,,
,9.9.1.3,Maintain tax master data,,,
,9.7,Treasury Operations,,,
,9.7.2,Cash Management,,,
,9.7.2.8,"Analyze, negotiate, resolve, and confirm bank fees",,,
,9.7.2.4,Develop cash flow forecasts,,,
,9.7.2.7,Manage and oversee banking relationships,,,
,9.7.2.1,Manage and reconcile cash positions,,,
,9.7.2.2,Manage cash equivalents,,,
,9.7.2.5,Manage cash flows,,,
,9.7.2.3,Process and oversee electronic fund transfers (EFTs),,,
,9.7.2.6,Produce cash management accounting transactions and reports,,,
,9.7.4,Debt and Investment Management,,,
,9.7.4.1,Establish investment policy,,,
,9.7.4.2,Manage financial intermediary relationships,,,
,9.7.4.4,Manage issuer exposure,,,
,9.7.4.3,Manage liquidity,,,
,9.7.4.5,Process and oversee debt and investment transactions,,,
,9.7.4.6,Process and oversee foreign currency transactions,,,
,9.7.4.8,Process and oversee interest rate transactions,,,
,9.7.4.7,Produce debt and investment accounting transaction reports,,,
,9.7.6,Financial Fraud Management,,,
,9.7.3,In House Bank Accounts,,,
,9.7.3.6,Calculate interest and fees for in-house bank accounts,,,
,9.7.3.2,Manage and facilitate inter-company borrowing transactions,,,
,9.7.3.4,Manage central incoming payments on behalf of subsidiaries,,,
,9.7.3.3,Manage centralized outgoing payments on behalf of subsidiaries,,,
,9.7.3.1,Manage in-house bank accounts for subsidiaries,,,
,9.7.3.5,Manage internal payments and netting transactions,,,
,9.7.3.7,Provide account statements for in-house bank accounts,,,
,9.7.5,Risk and Hedging Monitor and Management,,,
,9.7.5.1,Develop risk management/hedging strategy,,,
,9.7.5.5,Execute hedging transactions,,,
,9.7.5.5.2,Establish hedges,,,
,9.7.5.5.4,Evaluate and refine hedging positions,,,
,9.7.5.5.1,Measure physical positions,,,
,9.7.5.5.5,Monitor credit,,,
,9.7.5.5.3,Unwind hedges,,,
,9.7.5.4,Manage exposure risk,,,
,9.7.5.4.1,Determine current customer exposures and limit exceptions,,,
,9.7.5.4.3,Manage customer collateral,,,
,9.7.5.4.4,Perform annual customer credit reviews,,,
,9.7.5.4.2,Resolve customer exposure limit violations,,,
,9.7.5.3,Manage foreign exchange risk,,,
,9.7.5.3.2,Determine foreign exchange exposure for all currencies,,,
,9.7.5.3.3,Determine foreign exchange hedge requirements in accordance with risk policy,,,
,9.7.5.3.4,Execute foreign exchange trades,,,
,9.7.5.3.5,Manage foreign exchange balance sheet risk,,,
,9.7.5.3.1,Manage foreign exchange market data,,,
,9.7.5.2,Manage interest rate risk,,,
,9.7.5.2.2,Determine interest rate exposure for all markets,,,
,9.7.5.2.3,Determine interest rate hedge requirements in accordance with risk policy,,,
,9.7.5.2.4,Execute interest rate trades,,,
,9.7.5.2.1,Manage interest rate market data,,,
,9.7.5.6,Produce hedge accounting transactions and reports,,,
,9.7.1,Treasury Policies Management,,,
,9.7.1.5,Audit treasury procedures,,,
,9.7.1.8,Define system security requirements,,,
,9.7.1.7,Develop and confirm internal controls for treasury,,,
,9.7.1.3,Develop treasury procedures,,,
,9.7.1.2,Establish and publish treasury policies,,,
,9.7.1.1,Establish scope and governance of treasury operations,,,
,9.7.1.4,Monitor treasury procedures,,,
,9.7.1.6,Revise treasury procedures,,,
,7,Human Capital,,,
,7.9,Communications,,,
,7.8,Communications,,,
,7.8.2,Conduct employee engagement surveys,,,
,7.8.1,Develop employee communication plan,,,
,7.1,HR Strategy,,,
,7.1.4,Competency Model Development,,,
,7.1.3,Monitor and update,,,
,7.1.3.3,Communicate plans and provide updates to stakeholders,,,
,7.1.3.2,Measure contribution to business strategy,,,
,7.1.3.1,Measure realization of objectives,,,
,7.1.3.4,Review and revise HR plans,,,
,7.1.1,Strategy development,,,
,7.1.1.5,Communicate HR strategies,,,
,7.1.1.2,Define HR and business function roles and accountability,,,
,7.1.1.3,Determine HR costs,,,
,7.1.1.6,Develop strategy for HR systems/technologies/tools,,,
,7.1.1.4,Establish HR measures,,,
,7.1.1.1,Identify strategic HR needs,,,
,7.1.2,Workforce planning,,,
,7.1.2.11,Administer HR policies,,,
,7.1.2.10,Develop HR policies,,,
,7.1.2.3,Develop compensation plan,,,
,7.1.2.6,Develop employee diversity plan,,,
,7.1.2.5,Develop high performers/leadership programs,,,
,7.1.2.9,Develop other HR programs,,,
,7.1.2.8,Develop recruitment program,,,
,7.1.2.4,Develop succession plan,,,
,7.1.2.7,Develop training program,,,
,7.1.2.13,Develop workforce strategy models,,,
,7.1.2.15,Establish incentive plan,,,
,7.1.2.1,Gather skill requirements according to corporate strategy and market environment,,,
,7.1.2.14,Implement workforce strategy models,,,
,7.1.2.12,Plan employee benefits,,,
,7.1.2.2,Plan employee resourcing requirements per business unit/organization,,,
,7.7,Information Management,,,
,7.7.3,Employee Data,,,
,7.7.2,Employee Inquiry Process,,,
,7.7.5,Employee Metrics,,,
,7.7.4,HR Information Systems HRIS,,,
,7.7.1,Reporting Process,,,
,7.7.6,Time and Expenses,,,
,7.3,On Board and Train,,,
,7.3.4,Development and Training,,,
,7.3.4.1,Align employee with organization development needs,,,
,7.3.4.3,Align learning programs with competencies,,,
,7.3.4.2,Define employee competencies,,,
,7.3.4.5,"Develop, conduct, and manage employee and/or management training programs",,,
,7.3.4.4,Establish training needs by analysis of required and available skills,,,
,7.3.4.6,Manage examinations and certifications,,,
,7.3.4.6.4,Administer certificate issue and maintenance,,,
,7.3.4.6.2,Administer certification tests,,,
,7.3.4.6.3,Appraise experience qualifications,,,
,7.3.4.6.1,Liaise with external certification authorities,,,
,7.3.1,Employment Orientation,,,
,7.3.1.1,Create/maintain employee on-boarding program,,,
,7.3.1.1.1,Develop employee induction program,,,
,7.3.1.1.2,Maintain/Update employee induction program,,,
,7.3.1.2,Evaluate the effectiveness of the employee on-boarding program,,,
,7.3.1.3,Execute on-boarding program,,,
,7.3.3,Performance Management,,,
,7.3.3.1,Define employee development guidelines,,,
,7.3.3.2,Develop employee career plans and career paths,,,
,7.3.3.3,Manage employee skill and competency development,,,
,7.3.2,Performance Management,,,
,7.3.2.1,Define employee performance objectives,,,
,7.3.2.3,Evaluate and review performance program,,,
,7.3.2.2,"Review, appraise, and manage employee performance",,,
,7.2,Recruit and Source,,,
,7.2.5,Applicant Information Management,,,
,7.2.5.4,Archive and retain records of non-hires,,,
,7.2.5.5,Complete position classification and level of experience,,,
,7.2.5.2,Create applicant record,,,
,7.2.5.3,Manage/track applicant data,,,
,7.2.5.1,Obtain candidate background information,,,
,7.2.2,Candidate Recruitment,,,
,7.2.2.1,Determine recruitment methods and channels,,,
,7.2.2.4,Manage employee referral programs,,,
,7.2.2.5,Manage recruitment channels,,,
,7.2.2.3,Manage recruitment vendors,,,
,7.2.2.2,Perform recruiting activities/events,,,
,7.2.4,Offer Management,,,
,7.2.4.1,Draw up and make offer,,,
,7.2.4.3,Hire candidate,,,
,7.2.4.2,Negotiate offer,,,
,7.2.1,Orchestrate process,,,
,7.2.1.1,Align staffing plan to work force plan and business unit strategies/resource needs,,,
,7.2.1.2,Develop and maintain job descriptions,,,
,7.2.1.7,Manage requisition dates,,,
,7.2.1.5,Modify job requisitions,,,
,7.2.1.6,Notify hiring manager,,,
,7.2.1.3,Open job requisitions,,,
,7.2.1.4,Post job requisitions,,,
,7.2.3,Screen and Select,,,
,7.2.3.1,Identify and deploy candidate selection tools,,,
,7.2.3.2,Interview candidates,,,
,7.2.3.4,Select and reject candidates,,,
,7.2.3.3,Test candidates,,,
,7.6,Redeployment and Retirement,,,
,7.6.4,Leave of Absence,,,
,7.6.5,Outplacement,,,
,7.6.1,Promotion and Demotion,,,
,7.6.7,Relocation,,,
,7.6.7.1,Manage expatriates,,,
,7.6.3,Retirement,,,
,7.6.2,Separation,,,
,7.6.6,Workforce Scheduling,,,
,7.6.6.2,Manage resource deployment,,,
,7.6.6.1,Receive required resources/skills and capabilities,,,
,7.5,Rewards and Relationships,,,
,7.5.2,Benefits management and administration,,,
,7.5.2.2,Administer benefit enrollment,,,
,7.5.2.1,Deliver employee benefits program,,,
,7.5.2.4,Perform benefit reconciliation,,,
,7.5.2.3,Process claims,,,
,7.5.3,Employee Assistance and Retention,,,
,7.5.3.1,Deliver programs to support work/life balance for employees,,,
,7.5.3.2,Develop family support systems,,,
,7.5.3.4,Review compensation plan,,,
,7.5.3.3,Review retention and motivation indicators,,,
,7.5.4,Payroll,,,
,7.5.4.1,Administer payroll,,,
,7.5.1,Rewards and Recognition,,,
,7.5.1.5,Administer compensation and rewards to employees,,,
,7.5.1.2,Develop benefits and reward plan,,,
,7.5.1.1,Develop salary/compensation structure and plan,,,
,7.5.1.4,"Identify compensation requirements based on financial, benefits, and HR policies",,,
,7.5.1.3,Perform competitive analysis of benefit and rewards,,,
,7.5.1.6,Reward and motivate employees,,,
,7.4,Rewards and Relationships,,,
,7.4.2,Collective Bargaining,,,
,7.4.4,Employee Grievances,,,
,7.4.3,Labor Management Relationships,,,
,7.4.1,Labor Relations,,,
,8,IT,,,
,8.1,IT Customer Management,,,
,8.1.6,Customer Relationship Management,,,
,8.1.6.4,Communicate IT capabilities,,,
,8.1.6.1,Establish relationship management mechanisms,,,
,8.1.6.5,Manage IT requirements,,,
,8.1.6.3,Understand  IT customer environment,,,
,8.1.6.2,Understand IT customer strategy,,,
,8.1.2,Needs Identification,,,
,8.1.2.3,Develop IT visioning,,,
,8.1.2.4,Outline IT service expectations,,,
,8.1.2.2,Understand IT landscape,,,
,8.1.2.1,Understand business requirements for IT capabilities,,,
,8.1.1,Needs Identification,,,
,8.1.1.2,Assess IT customer operational capabilities,,,
,8.1.1.1,Understand IT customer communities,,,
,8.1.7,Performance Analysis,,,
,8.1.7.1,Assess SLA compliance,,,
,8.1.7.3,Collect feedback about IT products and services,,,
,8.1.7.4,Synthesize and distribute IT performance information,,,
,8.1.7.2,Triage SLA compliance issues,,,
,8.1.3,Plan and Communicate Services,,,
,8.1.3.4,Create IT marketing messages,,,
,8.1.3.5,Create IT service marketing plan,,,
,8.1.3.2,Define future IT services,,,
,8.1.3.3,Determine  IT performance indicators,,,
,8.1.3.1,Manage IT customer expectations,,,
,8.1.4,Provide IT Guidance,,,
,8.1.4.3,Analyze IT customer requirements,,,
,8.1.4.2,Collect IT customer requirements,,,
,8.1.4.1,Develop IT transformation plans,,,
,8.1.4.7,Develop business cases,,,
,8.1.4.9,Develop transformation roadmap,,,
,8.1.4.5,Facilitate solution design activities,,,
,8.1.4.4,Identify and prioritize IT opportunities,,,
,8.1.4.6,Prioritize IT outcomes,,,
,8.1.4.8,Support business case,,,
,8.1.5,Service Levels Management,,,
,8.1.5.4,Define service level agreement,,,
,8.1.5.7,Develop and maintain improvement processes,,,
,8.1.5.2,Forecast IT service demand,,,
,8.1.5.5,Maintain IT customer contracts,,,
,8.1.5.3,Maintain IT services catalog,,,
,8.1.5.6,Negotiate and establish service level agreements,,,
,8.1.5.1,Understand IT service requirements,,,
,8.2,IT Strategy,,,
,8.2.3,Architecture Definition and Management,,,
,8.2.3.1,Create and publish enterprise architecture principles,,,
,8.2.3.2,Establish and operate enterprise architecture governance,,,
,8.2.3.4,Provide input to definition and prioritization of IT projects,,,
,8.2.3.3,Research technologies to innovate IT services and solutions,,,
,8.2.1,Governance Strategy,,,
,8.2.1.5,Articulate IT alignment principles,,,
,8.2.1.1,Build and maintain IT strategic intelligence,,,
,8.2.1.3,Define and communicate digital transformation strategy,,,
,8.2.1.4,Develop IT strategic alignment,,,
,8.2.1.6,Maintain IT strategic alignment,,,
,8.2.1.2,Monitor and map current and emerging technologies,,,
,8.2.5,Performance Analysis and Monitoring,,,
,8.2.5.2,Define IT control points and assurance procedures governance model,,,
,8.2.5.1,Determine IT performance measures,,,
,8.2.5.7,Manage IT projects and services interdependencies,,,
,8.2.5.4,Monitor and analyze IT financial performance,,,
,8.2.5.5,Monitor and analyze IT value and benefits,,,
,8.2.5.3,Monitor and analyze overall IT performance,,,
,8.2.5.6,Optimize IT resource allocation,,,
,8.2.5.8,Report  IT service and project performance,,,
,8.2.5.9,"Select, deploy, and operate IT performance analytics tools",,,
,8.2.6,Portfolio Management Assessment,,,
,8.2.6.1,Assess performance against IT service and project value criteria,,,
,8.2.6.3,Communicate business technology value contribution,,,
,8.2.6.4,Determine and implement IT portfolio adjustments,,,
,8.2.6.2,Quantify value of IT service and project portfolio investments,,,
,8.2.2,Portfolio Strategy and Management,,,
,8.2.2.6,Align IT portfolio to business objectives,,,
,8.2.2.5,Align IT resources to strategic priorities,,,
,8.2.2.2,Determine IT portfolio investment balance,,,
,8.2.2.1,Establish and validate IT value criteria,,,
,8.2.2.3,Evaluate  proposed IT investment projects,,,
,8.2.2.4,Prioritize IT projects,,,
,8.2.4,Service Management Strategy,,,
,8.2.4.3,Define IT service catalog,,,
,8.2.4.6,Define and deploy support service management process tools and methods,,,
,8.2.4.5,Define and implement IT service management,,,
,8.2.4.1,Establish  IT service management strategy and goals,,,
,8.2.4.4,Establish IT service management framework,,,
,8.2.4.2,Identify  IT service operating and process requirements,,,
,8.2.4.7,Monitor and report IT performance,,,
,8.2.7,Technology Innovation Management,,,
,8.2.7.2,Analyze emerging technology concepts,,,
,8.2.7.7,Develop and plan  IT investment projects,,,
,8.2.7.1,Establish selection criteria for research initiatives,,,
,8.2.7.5,Evaluate IT research project outcomes,,,
,8.2.7.4,Execute IT research projects,,,
,8.2.7.6,Identify and promote viable concepts,,,
,8.2.7.3,Identify technology concepts and capabilities,,,
,8.4,Information Management,,,
,8.4.4,Business Content Management,,,
,8.4.4.4,Implement and administer business information access,,,
,8.4.4.2,Maintain business information feeds and repositories,,,
,8.4.4.1,Monitor and control business information,,,
,8.4.4.3,Perform internal usage audits,,,
,8.4.2,Information Architecture Management,,,
,8.4.2.2,Define enterprise data models,,,
,8.4.2.1,Determine enterprise business information requirements,,,
,8.4.2.4,Establish  data ownership and stewardship responsibilities,,,
,8.4.2.3,Identify and understand external data sources,,,
,8.4.2.5,Maintain and evolve enterprise data and information architecture,,,
,8.4.3,Information Lifecycle Management,,,
,8.4.3.1,"Define and maintain enterprise information policies, standards, and procedures",,,
,8.4.3.2,Implement and execute data administration responsibilities,,,
,8.4.1,Information and Analytics Strategy,,,
,8.4.1.3,Access IT data/analytic capabilities,,,
,8.4.1.2,"Establish data, information, and analytic governance",,,
,8.4.1.1,"Establish data, information, and analytic objectives",,,
,8.3,Risk and Resilience Management,,,
,8.3.4,Continuity Planning and Management,,,
,8.3.4.1,Evaluate IT continuity,,,
,8.3.4.2,Identify IT continuity gaps,,,
,8.3.4.3,Manage IT business continuity,,,
,8.3.6,IT Compliance Assessments,,,
,8.3.6.2,Conduct IT compliance control auditing of internal and external services,,,
,8.3.6.1,Conduct projects to enhance IT compliance and remediate risk,,,
,8.3.6.4,Identify and escalate IT compliance issues and remediation requirements,,,
,8.3.6.3,Perform IT compliance reporting,,,
,8.3.6.5,Support external audits and reports,,,
,8.3.5,IT Security and Data Privacy Management,,,
,8.3.5.1,Assess IT regulatory and confidentiality requirements and policies,,,
,8.3.5.2,"Create IT security, privacy, and data protection risk governance",,,
,8.3.5.3,"Define IT data security and privacy policies, standards, and procedures",,,
,8.3.5.7,Monitor/analyze network intrusion detection data and resolve threats,,,
,8.3.5.6,Review and monitor IT physical environment security controls,,,
,8.3.5.5,Review and monitor application security controls,,,
,8.3.5.4,Review and monitor physical and logical IT data security measures,,,
,8.3.8,IT User Identity and Authorization Management,,,
,8.3.8.5,Audit IT user identity and authorization systems,,,
,8.3.8.8,Audit integration of user identity and authorization systems,,,
,8.3.8.7,Conduct penetration testing,,,
,8.3.8.4,Manage IT user authentication mechanisms,,,
,8.3.8.3,Manage IT user authorization,,,
,8.3.8.2,Manage IT user directory,,,
,8.3.8.6,Respond to IT information security and network breaches,,,
,8.3.8.1,Support integration of identity and authorization policies,,,
,8.3.7,IT resilience and continuity operations,,,
,8.3.7.1,Conduct IT resilience improvement projects,,,
,8.3.7.2,"Develop, document, and maintain IT business continuity planning",,,
,8.3.7.6,Execute recurring IT business operations continuity,,,
,8.3.7.4,Execute recurring IT service provider business continuity,,,
,8.3.7.3,Implement and enforce change control procedures,,,
,8.3.7.5,Provide  IT resilience training,,,
,8.3.2,Resilience Strategy Development,,,
,8.3.2.1,Determine IT delivery resiliency,,,
,8.3.2.2,Determine critical IT risks,,,
,8.3.2.4,Establish mitigation approaches for IT risks,,,
,8.3.2.3,Prioritize IT risks,,,
,8.3.3,"Risk, Compliance and Security Controls",,,
,8.3.3.2,Analyze IT security threat impact,,,
,8.3.3.8,Conduct IT risk and threat assessments,,,
,8.3.3.3,Create and maintain IT compliance requirements,,,
,8.3.3.4,"Create and maintain IT security policies, standards, and procedures",,,
,8.3.3.5,Develop and deploy risk management training,,,
,8.3.3.7,Establish communication standards,,,
,8.3.3.6,Establish risk reporting capabilities and responsibilities,,,
,8.3.3.1,Evaluate enterprise regulatory and compliance obligations,,,
,8.3.3.10,"Identify, supervise and monitor IT risk mitigation measures",,,
,8.3.3.9,Monitor and manage IT activity risk,,,
,8.3.1,"Risk, Compliance and Security Management",,,
,8.3.1.10,Create IT risk mitigation strategies and approaches,,,
,8.3.1.1,Determine and evaluate IT regulatory and audit requirements,,,
,8.3.1.3,Establish IT risk tolerance,,,
,8.3.1.5,Establish and maintain risk management roles,,,
,8.3.1.6,Establish compliance objectives,,,
,8.3.1.4,Establish risk ownership,,,
,8.3.1.9,Evaluate  IT-related risks resiliency,,,
,8.3.1.8,Identify and evaluate IT risk,,,
,8.3.1.7,Identify systems to support compliance,,,
,8.3.1.2,Understand business unit risk tolerance,,,
,8.6,Solutions Dev and Management,,,
,8.6.3,Deployment Controls and Risk Management,,,
,8.6.3.6,Approve change/release deployment,,,
,8.6.3.1,Assess IT change/release impact,,,
,8.6.3.3,Assess IT change/release risk,,,
,8.6.3.2,Confirm change/release compliance,,,
,8.6.3.4,Consolidate IT change,,,
,8.6.3.5,Create and communicate deployment schedule,,,
,8.6.3.7,Document IT change/release outcome,,,
,8.6.5,Rollout and Training,,,
,8.6.5.1,Conduct IT training,,,
,8.6.5.4,Execute rollout plans,,,
,8.6.5.6,Manage rollout support capabilities,,,
,8.6.5.7,Monitor and record rollout issues,,,
,8.6.5.2,Prepare and distribute service/solution communications,,,
,8.6.5.5,Provide rollout support,,,
,8.6.5.3,Support organizational changes,,,
,8.6.1,Solution Deployment Strategy,,,
,8.6.1.6,Analyze deployments outcomes,,,
,8.6.1.1,Assess IT deployment business impact,,,
,8.6.1.5,Assign deployment approval responsibilities,,,
,8.6.1.4,Define IT change/release standards,,,
,8.6.1.3,Define and create deployment procedure workflow,,,
,8.6.1.2,Establish IT deployment policies,,,
,8.6.2,Solution Implementation Planning,,,
,8.6.2.1,Assess IT deployment risk,,,
,8.6.2.6,Create implementation communications,,,
,8.6.2.2,Define implementation schedule and roll-out sequence,,,
,8.6.2.3,Determine implementation requirements,,,
,8.6.2.5,Develop IT training,,,
,8.6.2.7,Manage IT roll-back procedures,,,
,8.6.2.4,Plan and align user testing and resources,,,
,8.6.4,Solutions Implementation,,,
,8.6.4.1,Confirm hardware/software operational status,,,
,8.6.4.4,Confirm implementation completion,,,
,8.6.4.2,Confirm operational availability,,,
,8.6.4.7,Distribute software components network-wide,,,
,8.6.4.3,Execute internal IT implementation plan,,,
,8.6.4.9,Execute roll-back plan,,,
,8.6.4.5,Implement software change/release,,,
,8.6.4.6,Perform post-installation testing,,,
,8.6.4.8,Verify change/release implementation success,,,
,8.5,Solutions Dev and Management,,,
,8.5.3,Solution Architecture Development and Management,,,
,8.5.3.1,Assess IT application and infrastructure architecture constraints,,,
,8.5.3.7,Assess IT service/solution architecture conformance,,,
,8.5.3.2,Assess business constraints on IT service/solution,,,
,8.5.3.3,Determine IT component integration requirements,,,
,8.5.3.6,Develop and maintain service/solution architectures,,,
,8.5.3.4,Identify opportunities for IT component reuse,,,
,8.5.3.8,Manage architectural exceptions,,,
,8.5.3.5,Promote adoption of existing service/solution architecture,,,
,8.5.2,Solution Lifecycle Planning Management,,,
,8.5.2.4,Define IT solution lifecycle,,,
,8.5.2.3,Determine IT service/solution approach,,,
,8.5.2.5,"Develop IT service/solution ""sunset"" plans",,,
,8.5.2.2,Identify IT services/solutions,,,
,8.5.2.1,Monitor and track emerging technology capabilities,,,
,8.5.5,Solution Maintenance and Testing,,,
,8.5.5.1,IT service/solution maintenance lifecycle execution,,,
,8.5.5.1.1,Assess IT remediation,,,
,8.5.5.1.4,Manage service/solution operations,,,
,8.5.5.1.2,Modify service/solution design,,,
,8.5.5.1.3,Perform IT service/solution remediation,,,
,8.5.5.1.5,Prepare fixed/enhanced service/solution packaging,,,
,8.5.1,Solution and Integration Strategy,,,
,8.5.1.2,Define IT service/solution development processes/standards,,,
,8.5.1.1,Determine IT service/solution development,,,
,8.5.1.7,Establish development standards exception governance,,,
,8.5.1.4,Establish service component criteria,,,
,8.5.1.3,"Identify, deploy, and support development methodologies and tools",,,
,8.5.1.6,Maintain service component portfolio,,,
,8.5.1.5,Understand and select reusable service components,,,
,8.5.4,Testing Planning and Execution,,,
,8.5.4.1,Execute IT service/solution development lifecycle,,,
,8.5.4.1.1,Assess and validate IT service/solution requirements,,,
,8.5.4.1.3,Build and test IT service/solution components,,,
,8.5.4.1.6,Bundle service/solution deployment packaging,,,
,8.5.4.1.2,Create service/solution design,,,
,8.5.4.1.5,Execute IT service/solution validation,,,
,8.5.4.1.4,Integrate IT components and services,,,
,8.5.4.1.7,Manage service/solution process exceptions,,,
,8.7,Support Services Dev and Management,,,
,8.7.8,IT User Support Operations,,,
,8.7.8.4,Escalate IT requests,,,
,8.7.8.6,Execute IT continuity and recovery action,,,
,8.7.8.3,Manage IT user requests,,,
,8.7.8.2,Provide IT resolution capabilities,,,
,8.7.8.5,Resolve IT issues/requests,,,
,8.7.8.1,Triage IT issues/requests,,,
,8.7.4,Infrastructure Resource Planning and Management,,,
,8.7.4.2,Assess IT infrastructure business objectives,,,
,8.7.4.3,Determine ongoing IT infrastructure capabilities,,,
,8.7.4.1,Develop IT service delivery strategy,,,
,8.7.4.4,Plan IT infrastructure change,,,
,8.7.4.5,Plan and budget IT license usage volumes,,,
,8.7.7,Infrastructure Resources Admin,,,
,8.7.7.5,Administer IT licenses/user agreements,,,
,8.7.7.3,Install/configure/upgrade infrastructure components,,,
,8.7.7.4,Maintain IT asset records,,,
,8.7.7.1,Manage infrastructure configuration,,,
,8.7.7.2,Perform infrastructure component maintenance,,,
,8.7.7.6,Provide IT infrastructure service and capabilities,,,
,8.7.3,Service Control Planning and Management,,,
,8.7.3.1,Plan operational activities for IT service delivery,,,
,8.7.3.1.5,Balance operational workloads across available infrastructure components,,,
,8.7.3.1.6,Determine specific problem support procedures,,,
,8.7.3.1.2,Maintain/optimize batch job schedule,,,
,8.7.3.1.3,Schedule change/release windows,,,
,8.7.3.1.1,Schedule service delivery resources,,,
,8.7.3.1.4,Schedule/optimize backup and archive activities,,,
,8.7.6,Service Delivery Operations and Management,,,
,8.7.6.8,Manage IT infrastructure/data recovery,,,
,8.7.6.4,Manage infrastructure performance and capacity,,,
,8.7.6.3,Manage service delivery workloads,,,
,8.7.6.7,Monitor IT infrastructure security,,,
,8.7.6.1,Operate and monitor online systems,,,
,8.7.6.6,Produce and distribute output media,,,
,8.7.6.5,Respond to unplanned operational issues,,,
,8.7.6.2,Run and monitor batch job schedule,,,
,8.7.2,Service Delivery Strategy and Portfolio,,,
,8.7.2.1,Assess business objectives and IT service support delivery,,,
,8.7.2.3,Create and maintain IT support model,,,
,8.7.2.2,Define IT service support portfolio,,,
,8.7.2.4,Develop IT support service sourcing strategy,,,
,8.7.2.5,Establish support service framework,,,
,8.7.2.6,Provide service support tools and technology,,,
,8.7.1,Service Delivery Strategy and Portfolio,,,
,8.7.1.1,Assess business objectives and IT service delivery,,,
,8.7.1.3,Create and maintain IT service delivery model,,,
,8.7.1.2,Define IT service delivery portfolio,,,
,8.7.1.5,Define IT service delivery sourcing strategy,,,
,8.7.1.4,Determine IT service delivery locations and activities,,,
,8.7.5,Service Support Planning,,,
,8.7.5.5,Communicate service support needs,,,
,8.7.5.8,Coordinate with external support providers,,,
,8.7.5.6,Define IT escalation mechanisms,,,
,8.7.5.2,"Determine required support resource levels, responsibilities, and capabilities",,,
,8.7.5.3,Maintain service support knowledge repository,,,
,8.7.5.4,Maintain service support learning,,,
,8.7.5.7,Manage IT service support resources,,,
,8.7.5.10,Monitor IT service support performance,,,
,8.7.5.9,Triage IT service delivery incidents,,,
,8.7.5.1,Understand IT support demand patterns,,,
,4,Product Delivery,,,
,4.4,Logistics and Warehouse Management,,,
,4.4.2,Inbound Material Plan and Management,,,
,4.4.2.2,Manage Inbound Material Flow,,,
,4.4.2.3,Monitor Inbound Flow,,,
,4.4.2.5,Quality of Returned Products,,,
,4.4.2.4,Returned Products Flow,,,
,4.4.2.6,Salvage or Repair Returned Products,,,
,4.4.1,Logistics Governance,,,
,4.4.1.1,Customer Service Requirements,,,
,4.4.1.4,Delivery Service Policy,,,
,4.4.1.2,Logistics Network Design,,,
,4.4.1.5,Optimize Transportation,,,
,4.4.1.7,Reverse Logistics Strategy,,,
,4.4.4,Outbound Transportation Ops,,,
,4.4.4.1,"""692""",,,
,4.4.4.1.1,Manage plant alarms and alerts,,,
,4.4.3,Warehouse Ops,,,
,4.4.3.1,Inventory Deployment Tracking,,,
,4.4.3.5,Inventory Tracking,,,
,4.4.3.5.1,Automate and control plant,,,
,4.4.3.4,Pick Pack and Ship,,,
,4.4.3.3,Product Availability Tracking,,,
,4.4.3.7,Salvage or repair returned products,,,
,4.4.3.2,Store Inbound Deliverables,,,
,4.4.3.6,Third Party Performance Tracking,,,
,4.4.3.6.1,Perform advanced process control,,,
,4.4.3.8,Warehouse Transfers,,,
,4.4.3.8.1,Perform real-time optimization,,,
,4.2,Materials procurement,,,
,4.2.4,Order Materials,,,
,4.2.4.7,Exception Resolution,,,
,4.2.4.6,Reconcile Purchase Orders,,,
,4.2.4.1,Review Requisitions,,,
,4.2.4.3,Solicit Vendor Quotes,,,
,4.2.1,Sourcing Governance and Category Management,,,
,4.2.1.3,Contingency Planning,,,
,4.2.1.7,Partner Optimization Planning,,,
,4.2.1.1,Procurement Planning,,,
,4.2.1.2,Purchasing Requirements,,,
,4.2.1.5,Spend Profiles,,,
,4.2.2,Sourcing Strategies,,,
,4.2.3,Supplier Management,,,
,4.2.3.3,Contract Management,,,
,4.2.3.2,Negotiation,,,
,4.2.3.1,Selection,,,
,4.3,Produce/Assemble/Test,,,
,4.3.2,Produce/Assemble Product,,,
,4.3.2.3,Maintenance Reporting,,,
,4.3.2.5,Monitor and Optimize Production Process,,,
,4.3.2.1,Raw Material Inventory Management,,,
,4.3.2.4,Rerun Defection Items,,,
,4.3.2.2,Schedule,,,
,4.3.1,Production Scheduling,,,
,4.3.1.2,Line Level Plan and Schedule,,,
,4.3.1.4,Lot Creation,,,
,4.3.1.1,Model and simulate plant,,,
,4.3.1.5,Schedule Maintenance,,,
,4.3.4,Quality Testing,,,
,4.3.4.1,Traceability Maintenance,,,
,4.3.3,Quality Testing,,,
,4.3.3.6,Perform root cause analysis,,,
,4.3.3.1,Test Equipment,,,
,4.3.3.3,Test Samples,,,
,4.3.3.5,Track and analyze non-conformance trends,,,
,4.1,Supply Chain Planning,,,
,4.1.2,Demand Planning,,,
,4.1.2.1,Baseline Demand,,,
,4.1.2.5,Monitor and Revise,,,
,4.1.5,Distribution Planning,,,
,4.1.5.4,Destination Requirements,,,
,4.1.5.2,Finished Goods Inventory Planning,,,
,4.1.5.12,Manage Capacity Utilization,,,
,4.1.5.11,Manage Cost of Supply,,,
,4.1.5.8,Manage dispatch and load plans,,,
,4.1.5.1,Master Data Design,,,
,4.1.5.7,Optimize Dispatch Plan,,,
,4.1.5.6,Replenishment Planning,,,
,4.1.5.3,Storage Facility Requirements,,,
,4.1.6,Distribution Planning Constraints,,,
,4.1.6.1,Distribution Center Layout,,,
,4.1.6.2,Inventory Management,,,
,4.1.6.4,Storage Management,,,
,4.1.6.3,Transportation,,,
,4.1.7,Distribution Planning Review,,,
,4.1.7.3,Deployment Policies,,,
,4.1.7.1,Network,,,
,4.1.7.2,Sourcing Relationships,,,
,4.1.4,Master Production Schedule and Management,,,
,4.1.4.2,Manager and Revise,,,
,4.1.4.1,Model Optimization,,,
,4.1.3,Materials Planning,,,
,4.1.3.5,Constrained Planning,,,
,4.1.3.3,Critical Materials Planning,,,
,4.1.3.1,No Constraint Planning,,,
,4.1.3.2,Partner Planning,,,
,4.1.1,Production Strategy,,,
,4.1.1.5,Capacity Planning,,,
,4.1.1.4,Capital Expenses Policies,,,
,4.1.1.2,Labor and Materials Policies,,,
,4.1.1.1,Manufacturing Goals,,,
,4.1.1.3,Outsourcing Policies,,,
,4.1.1.7,Production Process Design,,,
,4.1.1.6,Production and Network Constraints,,,
,4.1.1.8,Standard Operating Procedures,,,
,4.1.1.9,Workplace Layout,,,
,4.1.8,Quality Standards,,,
,4.1.8.3,Modification,,,
,4.1.8.1,Targets,,,
,4.1.8.2,Testing,,,
,2,Product and Service Development,,,
,2.2,New Product Possibilities,,,
,2.2.2,Concept Development,,,
,2.2.2.2,Analyze new product/service ideas and requirements,,,
,2.2.2.3,Evaluate new product/service inputs and requirements,,,
,2.2.2.4,Formulate new product/service concepts,,,
,2.2.2.1,Gather new product/service ideas and requirements,,,
,2.2.2.5,Identify potential improvements to existing products and services,,,
,2.2.1,Discovery Research,,,
,2.2.1.3,Assess feasibility of integrating new leading technologies into product/service concepts,,,
,2.2.1.2,Develop new technologies,,,
,2.2.1.1,Identify new technologies,,,
,2.2.3,Requirements Development,,,
,2.2.3.2,Define post launch support model,,,
,2.2.3.1,Define product/service requirements,,,
,2.2.3.1.1,Define basic functional requirements,,,
,2.2.3.1.2,Derive interoperability requirements for products and services,,,
,2.2.3.1.5,Derive regulatory compliance requirements,,,
,2.2.3.1.6,Derive requirements from industry standards,,,
,2.2.3.1.3,Derive safety requirements for products and services,,,
,2.2.3.1.4,Derive security requirements for products and services,,,
,2.2.3.1.8,Derive services-as-a-product offering,,,
,2.2.3.1.7,Develop user experience requirements,,,
,2.2.3.3,Identify product/service bundling opportunities,,,
,2.1,Planning and Governance,,,
,2.1.3,Legal _Regulatory Management,,,
,2.1.3.1,Conduct mandatory and elective reviews,,,
,2.1.3.4,Define product technical documentation management requirements,,,
,2.1.3.3,Determine patent and copyright needs,,,
,2.1.3.5,Manage regulatory requirements,,,
,2.1.3.5.2,Maintain records for regulatory agencies,,,
,2.1.3.5.3,Manage regulatory submission life cycle,,,
,2.1.3.5.1,Train employees on appropriate regulatory requirements,,,
,2.1.3.2,Review infringement of patents and copyrights,,,
,2.1.2,Life Cycle Management,,,
,2.1.2.5,Conduct post launch review,,,
,2.1.2.5.4,Apply data and analytics to review supply chain methodologies,,,
,2.1.2.5.1,Carry out post launch analytics to test the acceptability in the market,,,
,2.1.2.5.6,Conduct financial review,,,
,2.1.2.5.7,Conduct new product development process assessment,,,
,2.1.2.5.3,Review effectiveness of supply chain and distribution network,,,
,2.1.2.5.2,Review market performance,,,
,2.1.2.5.5,Review quality and performance of the product/service,,,
,2.1.2.1,Develop plan for new product/service development and introduction/launch,,,
,2.1.2.4,Identify and refine performance indicators,,,
,2.1.2.2,Introduce new products/services,,,
,2.1.2.3,Retire outdated products/services,,,
,2.1.4,Master Data Management,,,
,2.1.4.7,Develop and maintain quality/inspection documents,,,
,2.1.4.8,Maintain process specification data,,,
,2.1.4.2,Manage bills of material,,,
,2.1.4.5,Manage drawings,,,
,2.1.4.6,Manage product/material classification,,,
,2.1.4.3,Manage routings,,,
,2.1.4.4,Manage specifications,,,
,2.1.4.9,Manage traceability data,,,
,2.1.4.1,Materials master lists management,,,
,2.1.4.10,Review and approve data access requests,,,
,2.1.1,Portfolio Management,,,
,2.1.1.2,Confirm alignment of product/service concepts with business strategy,,,
,2.1.1.1,Evaluate performance of existing products/services against market opportunities,,,
,2.1.1.4,Plan and develop cost and quality targets,,,
,2.1.1.6,Plan for product/service offering modifications,,,
,2.1.1.3,Prioritize and select new product/service concepts,,,
,2.1.1.5,Specify development timing targets,,,
,2.3,Product and Service Dev,,,
,2.3.1,Design and Prototype,,,
,2.3.1.1,Assign resources to product/service project,,,
,2.3.1.1.1,Identify requirements for product/service design/development partners,,,
,2.3.1.9,Build prototypes/proof of concepts,,,
,2.3.1.14,Collaborate on design with suppliers and external partners,,,
,2.3.1.12,Conduct in-house product/service testing and evaluate feasibility,,,
,2.3.1.7,Conduct mandatory and elective external reviews,,,
,2.3.1.8,Design products/services,,,
,2.3.1.8.5,"Design and manage product data, design, and bill of materials",,,
,2.3.1.8.1,Design for manufacturing,,,
,2.3.1.8.2,Design for product servicing,,,
,2.3.1.8.6,Design for product upgrades,,,
,2.3.1.8.3,Design for re-manufacturing,,,
,2.3.1.8.4,Review product troubleshooting methodology,,,
,2.3.1.10,Develop and test prototype production and/or service delivery process,,,
,2.3.1.3,Develop product/service design specifications,,,
,2.3.1.4,Develop user experience design specifications,,,
,2.3.1.6,Document design specifications,,,
,2.3.1.11,Eliminate quality and reliability problems,,,
,2.3.1.13,Identify design/development performance indicators,,,
,2.3.1.2,Prepare high-level business case and technical assessment,,,
,2.3.1.5,Provide warranty-related recommendations,,,
,2.3.2,Market Test,,,
,2.3.2.2,Conduct customer tests and interviews,,,
,2.3.2.3,Finalize product/service characteristics and business cases,,,
,2.3.2.4,Finalize technical requirements,,,
,2.3.2.1,Prepare detailed market study,,,
,2.3.3,Production Planning,,,
,2.3.3.1,Design and obtain necessary capabilities/materials and equipment,,,
,2.3.3.2,Identify requirements for changes to manufacturing/delivery processes,,,
,2.3.3.4,Install and validate production/service delivery process,,,
,2.3.3.4.1,Monitor initial production runs,,,
,2.3.3.3,Request engineering/process change,,,
,2.3.3.5,Validate launch procedures,,,
,11,Risk and Compliance Management,,,
,11.4,Business Resiliency Management,,,
,11.4.2,Business Continuity Planning,,,
,11.4.3,Business Operations Testing,,,
,11.4.1,Resilience Strategy Development,,,
,11.2,Compliance Management,,,
,11.2.1,Compliance Policies Development,,,
,11.2.1.1,Develop enterprise compliance policies and procedures,,,
,11.2.1.2,Implement enterprise compliance activities,,,
,11.2.1.4,Maintain controls-related technologies and tools,,,
,11.2.1.3,Manage internal audits,,,
,11.2.2,Regulatory Compliance Management,,,
,11.2.2.4,Assess current compliance position and identify weaknesses or shortfalls therein,,,
,11.2.2.7,Compile and communicate compliance scorecard(s),,,
,11.2.2.8,Compile and communicate internal and regulatory compliance reports,,,
,11.2.2.1,Develop regulatory compliance procedures,,,
,11.2.2.2,Identify applicable regulatory requirements,,,
,11.2.2.5,Implement missing or stronger regulatory compliance controls and policies,,,
,11.2.2.9,Maintain relationships with regulators as appropriate,,,
,11.2.2.6,Monitor and test regulatory compliance position and existing controls,,,
,11.2.2.3,Monitor the regulatory environment for changing or emerging regulations,,,
,11.1,Enterprise Risk Management,,,
,11.1.3,Business Risk Management,,,
,11.1.3.6,Analyze risk activities and update plans,,,
,11.1.3.2,Assess risks using enterprise risk framework policies and procedures,,,
,11.1.3.3,Develop mitigation plans for risks,,,
,11.1.3.3.1,Assess adequacy of insurance coverage,,,
,11.1.3.1,Identify risks,,,
,11.1.3.4,Implement mitigation plans for risks,,,
,11.1.3.5,Monitor risks,,,
,11.1.3.7,Report on risk activities,,,
,11.1.2,Enterprise Risk Monitoring and Management,,,
,11.1.2.2,Assess risks to determine which to mitigate,,,
,11.1.2.7,Coordinate business unit and functional risk management activities,,,
,11.1.2.3,Develop risk mitigation and management strategy and integrate with existing performance management processes,,,
,11.1.2.5,Ensure risks and risk mitigation actions are monitored,,,
,11.1.2.8,Ensure that each business unit/function follows the enterprise risk management process,,,
,11.1.2.9,Ensure that each business unit/function follows the enterprise risk reporting process,,,
,11.1.2.1,Identify enterprise level risks,,,
,11.1.2.6,Report on enterprise risk activities,,,
,11.1.2.4,Verify business unit and functional risk mitigation plans are implemented,,,
,11.1.1,Risk Framework Planning and Policies,,,
,11.1.1.4,Coordinate the sharing of risk knowledge across the organization,,,
,11.1.1.1,Determine risk tolerance for organization,,,
,11.1.1.2,Develop and maintain enterprise risk policies and procedures,,,
,11.1.1.3,Identify and implement enterprise risk management tools,,,
,11.1.1.5,Prepare and report enterprise risk to executive management and board,,,
,11.3,Remediation Management,,,
,11.3.2,Expert Engagement,,,
,11.3.4,Investigations,,,
,11.3.6,Policy Amendments,,,
,11.3.1,Remediation Planning,,,
,11.3.3,Source Experts,,,
,3,Sales and Marketing,,,
,3.1,Market and Customer Insight,,,
,3.1.2,Internal Mapping and Assessment,,,
,3.1.1,Market Research and Segmentation,,,
,3.1.4,Market Validation,,,
,3.1.4.1,Validate opportunities,,,
,3.1.3,Segmentation and Prioritization,,,
,3.3,Marketing Planning and Management,,,
,3.3.2,Budget Planning,,,
,3.3.2.1,Confirm marketing alignment to business strategy,,,
,3.3.2.3,Create marketing budget,,,
,3.3.2.2,Determine costs of marketing,,,
,3.3.2.4,Determine projected ROI for marketing investment,,,
,3.3.6,Customer Insight Analysis,,,
,3.3.6.3,Analyze customer purchase patterns,,,
,3.3.6.2,Analyze customer website activity,,,
,3.3.6.4,Develop business rules to provide personalized offers,,,
,3.3.6.1,Monitor and respond to social media activity,,,
,3.3.6.5,Monitor effectiveness of personalized offers and adjust offers accordingly,,,
,3.3.5,Customer Metrics Tracking,,,
,3.3.5.3,Analyze customer attrition and retention rates,,,
,3.3.5.4,Analyze customer metrics,,,
,3.3.5.2,Analyze customer revenue trend,,,
,3.3.5.1,Determine customer lifetime value,,,
,3.3.5.5,"Revise customer strategies, objectives, and plans based on metrics",,,
,3.3.7,Packaging Strategy and Management,,,
,3.3.7.3,Execute packaging strategy,,,
,3.3.7.1,Plan packaging strategy,,,
,3.3.7.4,Refine packaging,,,
,3.3.7.2,Test packaging options,,,
,3.3.3,Price Development and Management,,,
,3.3.3.10,Achieve regulatory approval for pricing,,,
,3.3.3.9,Communicate and implement price changes,,,
,3.3.3.2,Determine corporate incentives,,,
,3.3.3.3,Determine pricing based on volume/unit forecast,,,
,3.3.3.5,Evaluate pricing performance,,,
,3.3.3.4,Execute pricing plan,,,
,3.3.3.8,Implement other retail pricing programs,,,
,3.3.3.7,Implement promotional pricing programs,,,
,3.3.3.6,Refine pricing as needed,,,
,3.3.3.1,Understand resource requirements for each product/service and delivery channel/method,,,
,3.3.8,Product Content Management,,,
,3.3.8.2,Manage product copy,,,
,3.3.8.1,Manage product images,,,
,3.3.4,Promotional Programs and Management,,,
,3.3.4.1,Define promotional concepts and objectives,,,
,3.3.4.3,Define target audience,,,
,3.3.4.2,Develop marketing messages,,,
,3.3.4.6,Evaluate promotional performance metrics,,,
,3.3.4.5,Execute promotional activities,,,
,3.3.4.8,Incorporate learning into future/planned consumer promotions,,,
,3.3.4.4,Plan and test promotional activities,,,
,3.3.4.7,Refine promotional performance metrics,,,
,3.2,Marketing Strategy,,,
,3.2.4,Channel Performance Management,,,
,3.2.4.4,Analyze performance,,,
,3.2.4.5,Develop plan for improvements,,,
,3.2.4.1,Establish channel-specific metrics and targets,,,
,3.2.4.3,Monitor and report events influencing factors,,,
,3.2.4.2,Monitor and report performance,,,
,3.2.3,Channel Strategy and Management,,,
,3.2.3.3,Determine channel role and fit with target segments,,,
,3.2.3.1,Determine channels to be supported,,,
,3.2.3.8,Develop and manage execution roadmap,,,
,3.2.3.2,Establish channel objectives,,,
,3.2.3.6,Evaluate channel attributes and potential partners,,,
,3.2.3.5,Identify required channel capabilities,,,
,3.2.3.7,Orchestrate seamless customer experience across supported channels,,,
,3.2.3.7.2,Define omni-channel requirements,,,
,3.2.3.7.1,Define omni-channel strategy,,,
,3.2.3.7.3,Develop omni-channel policies and procedures,,,
,3.2.3.4,Select channels for target segments,,,
,3.2.5,Communications Strategy,,,
,3.2.5.8,Define communication guidelines and mechanisms,,,
,3.2.5.3,Define direct marketing strategy,,,
,3.2.5.4,Define internal marketing communication strategy,,,
,3.2.5.6,Define new media communication strategy,,,
,3.2.5.7,Define point of sale (POS) communication strategy,,,
,3.2.5.2,Define public relations (PR) strategy,,,
,3.2.5.1,Develop customer communication calendar,,,
,3.2.5.5,Identify new media for marketing communication,,,
,3.2.6,Customer Loyalty Program,,,
,3.2.6.2,Acquire members to customer loyalty program,,,
,3.2.6.3,Build engagement and relationship with members,,,
,3.2.6.1,Define customer loyalty program,,,
,3.2.6.4,Monitor customer loyalty program benefits to the enterprise and the customer,,,
,3.2.6.5,Optimize loyalty program value to both the enterprise and the customer,,,
,3.2.2,Pricing Strategy,,,
,3.2.2.4,Approve pricing strategies/policies and targets,,,
,3.2.2.1,Conduct pricing analysis,,,
,3.2.2.2,Establish guidelines for applying pricing and discounting of products/services,,,
,3.2.2.3,Establish pricing targets,,,
,3.2.1,Value Proposition Development,,,
,3.2.1.1,Define offering and positioning,,,
,3.2.1.4,Develop new branding,,,
,3.2.1.2,Develop value proposition including brand positioning for target segments,,,
,3.2.1.3,Validate value proposition with target segments,,,
,3.5,Sales Planning and Management,,,
,3.5.2,Customer and Accounts Management,,,
,3.5.2.2,Develop sales/key account plan,,,
,3.5.2.5,Manage customer master data,,,
,3.5.2.5.1,Collect and merge internal and third-party customer information,,,
,3.5.2.5.2,De-duplicate customer data,,,
,3.5.2.4,Manage customer relationships,,,
,3.5.2.6,Manage customer sales calls,,,
,3.5.2.3,Manage sales/key account plan,,,
,3.5.2.1,Select key customers/accounts,,,
,3.5.1,Leads and Opportunities Management,,,
,3.5.1.7,Determine sales resource allocation,,,
,3.5.1.5,Develop opportunity win plans,,,
,3.5.1.1,Identify potential customers,,,
,3.5.1.2,Identify/receive leads/opportunities,,,
,3.5.1.8,Manage customer sales calls,,,
,3.5.1.8.4,Close the sale,,,
,3.5.1.8.3,Manage customer meetings/workshops,,,
,3.5.1.8.2,Perform pre-sales activities,,,
,3.5.1.8.1,Perform sales calls,,,
,3.5.1.8.5,Record outcome of sales process,,,
,3.5.1.6,Manage opportunity pipeline,,,
,3.5.1.4,Match opportunities to business strategy,,,
,3.5.1.3,Validate and qualify leads/opportunities,,,
,3.5.4,Sales Orders Management,,,
,3.5.4.1,Accept and validate sales orders,,,
,3.5.4.2,Collect and maintain account information,,,
,3.5.4.2.1,Administer key account details,,,
,3.5.4.2.3,Modify involved party details,,,
,3.5.4.2.4,Record address details,,,
,3.5.4.2.5,Record contact details,,,
,3.5.4.2.6,Record key customer communication profile details,,,
,3.5.4.2.2,Retrieve full customer details,,,
,3.5.4.2.7,Review involved party information,,,
,3.5.4.2.8,Terminate involved party information,,,
,3.5.4.3,Determine availability,,,
,3.5.4.4,Determine fulfillment process,,,
,3.5.4.5,Enter orders into system,,,
,3.5.4.8,Handle sales order inquiries including post-order fulfillment transactions,,,
,3.5.4.6,Identify/perform cross-sell/up-sell activity,,,
,3.5.4.7,Process back orders and updates,,,
,3.5.5,Sales Partner Management,,,
,3.5.5.3,Evaluate partner/alliance results,,,
,3.5.5.4,Manage sales partner/alliance master data,,,
,3.5.5.2,Provide marketing materials to sales partners/alliances,,,
,3.5.5.1,Provide sales and product/service training to sales partners/alliances,,,
,3.5.5.1.2,Manage certifications and skills,,,
,3.5.5.1.1,Provide certification enablement training,,,
,3.5.5.1.3,Provide support to partners/alliances,,,
,3.5.3,Sales Proposals and Bid Response,,,
,3.5.3.10,Conduct profitability analysis,,,
,3.5.3.9,Develop pricing and scheduling estimates,,,
,3.5.3.7,Develop solution and delivery approach,,,
,3.5.3.8,Identify staffing requirements,,,
,3.5.3.12,Manage internal approvals,,,
,3.5.3.11,Manage internal reviews,,,
,3.5.3.15,Manage notification outcome,,,
,3.5.3.4,Perform competitive analysis,,,
,3.5.3.1,Receive Request For Proposal (RFP)/Request For Quote (RFQ),,,
,3.5.3.2,Refine customer requirements,,,
,3.5.3.3,Review RFP/RFQ request,,,
,3.5.3.14,Revise bid/proposal/quote,,,
,3.5.3.13,Submit/present bid/proposal/quote to customer,,,
,3.5.3.6,Understand customer business and requirements,,,
,3.5.3.5,Validate with strategy/business plans,,,
,3.4,Sales Strategy,,,
,3.4.5,Customer Metrics Development,,,
,3.4.2,Partner Development,,,
,3.4.2.12,Communicate planning information to customer teams,,,
,3.4.2.6,Conduct planning activities for major trade customers,,,
,3.4.2.11,Create strategic and tactical sales plans by customer,,,
,3.4.2.5,Define trade programs and funding options,,,
,3.4.2.2,Design alliance programs and methods for selecting and managing relationships,,,
,3.4.2.4,Develop customer trade strategy and customer objectives/targets,,,
,3.4.2.7,Develop partner and alliance management strategies,,,
,3.4.2.10,Develop promotional and category management calendars (trade marketing calendars),,,
,3.4.2.9,Establish partner and alliance agreements,,,
,3.4.2.8,Establish partner and alliance management goals,,,
,3.4.2.1,Identify alliance opportunities,,,
,3.4.2.3,Select alliances,,,
,3.4.3,Sales Budget Development,,,
,3.4.3.5,Calculate net profit,,,
,3.4.3.1,Calculate product market share,,,
,3.4.3.2,Calculate product revenue,,,
,3.4.3.6,Create budget,,,
,3.4.3.4,Determine overhead and fixed costs,,,
,3.4.3.3,Determine variable costs,,,
,3.4.1,Sales Forecast Development,,,
,3.4.1.4,Analyze historical and planned promotions and events,,,
,3.4.1.2,Analyze sales trends and patterns,,,
,3.4.1.1,Gather current and historic order information,,,
,3.4.1.3,Generate sales forecast,,,
,3.4.4,Sales Metrics Development,,,
,5,Service Delivery,,,
,5.2,Resource Management,,,
,5.2.2,Plan Creation and Management,,,
,5.2.2.4,Collaborate with suppliers and partners to supplement skills and capabilities,,,
,5.2.2.2,Create resource plan,,,
,5.2.2.1,Define and manage skills taxonomy,,,
,5.2.2.5,Identify critical resources and supplier capacity,,,
,5.2.2.3,"Match resource demand with capacity, skills, and capabilities",,,
,5.2.2.6,Monitor and manage resource capacity and availability,,,
,5.2.1,Resource Demand Management,,,
,5.2.1.3,Collaborate with customers,,,
,5.2.1.5,Determine availability of skills to deliver on current and forecast customer orders,,,
,5.2.1.2,Develop baseline forecasts,,,
,5.2.1.4,Develop consensus forecast,,,
,5.2.1.7,Evaluate and revise forecasting approach,,,
,5.2.1.8,Measure forecast accuracy,,,
,5.2.1.6,Monitor activity against forecast and revise forecast,,,
,5.2.1.1,Monitor pipeline,,,
,5.3,Service to Customer Delivery,,,
,5.3.3,Complete Service Delivery,,,
,5.3.3.7,Archive records and update systems,,,
,5.3.3.2,Complete/finalize financial management activities,,,
,5.3.3.1,Conduct service delivery/project review and evaluate success,,,
,5.3.3.3,Confirm delivery according to contract terms,,,
,5.3.3.6,Harvest knowledge,,,
,5.3.3.5,Manage service delivery completion,,,
,5.3.3.4,Release resources,,,
,5.3.2,Execute Service Delivery,,,
,5.3.2.1,Analyze environment and customer needs,,,
,5.3.2.2,Define solution,,,
,5.3.2.7,Deploy solution,,,
,5.3.2.4,Identify changes,,,
,5.3.2.6,Make build/buy solution,,,
,5.3.2.5,Obtain approval to proceed,,,
,5.3.2.3,Validate solution,,,
,5.3.1,Initiate Service Delivery,,,
,5.3.1.5,Confirm environmental readiness,,,
,5.3.1.6,"Identify, select, and assign resources",,,
,5.3.1.6.2,Establish engagement rules,,,
,5.3.1.6.1,Establish people objectives,,,
,5.3.1.3,Modify/revise and approve project plan,,,
,5.3.1.7,Plan for service delivery,,,
,5.3.1.1,Review contract and agreed terms,,,
,5.3.1.4,Review customer business objectives,,,
,5.3.1.2,Understand customer requirements and define refine approach,,,
,5.3.2,Training and Assessment,,,
,5.1,Strategy and Governance,,,
,5.1.2,Delivery Planning,,,
,5.1.2.2,Define labor policies,,,
,5.1.2.1,Define service delivery goals,,,
,5.1.2.4,Define service delivery network and supply constraints,,,
,5.1.2.5,Define service delivery process,,,
,5.1.2.7,Define service delivery workplace layout and infrastructure,,,
,5.1.2.3,Evaluate resource availability,,,
,5.1.2.6,Review and validate service delivery procedures,,,
,5.1.1,Governance Process,,,
,5.1.1.3,Manage service delivery development and direction,,,
,5.1.1.2,Manage service delivery performance,,,
,5.1.1.1,Set up and maintain service delivery governance and management system,,,
,5.1.1.4,Solicit feedback from customer on service delivery satisfaction,,,
,5.2,Train and Asses,,,
,5.2.3,Training and Assessment,,,
,5.2.3.4,Deliver operations training,,,
,5.2.3.5,Deliver technical training,,,
,5.2.3.1,Develop service delivery training plan,,,
,5.2.3.2,Develop training materials,,,
,5.2.3.7,Evaluate training effectiveness,,,
,5.2.3.3,Manage training schedule,,,
,5.2.3.6,Perform skill and capability testing,,,
